year,rank,player,position,team
2011,1,Tom Brady,Quarterback,New England Patriots
2011,2,Peyton Manning,Quarterback,Indianapolis Colts
2011,3,Adrian Peterson,Running back,Minnesota Vikings
2011,4,Ray Lewis,Linebacker,Baltimore Ravens
2011,5,Ed Reed,Safety,Baltimore Ravens
2011,6,Troy Polamalu,Safety,Pittsburgh Steelers
2011,7,Andre Johnson,Wide receiver,Houston Texans
2011,8,Darrelle Revis,Cornerback,New York Jets
2011,9,Drew Brees,Quarterback,New Orleans Saints
2011,10,Julius Peppers,Defensive end,Chicago Bears
2011,11,Aaron Rodgers,Quarterback,Green Bay Packers
2011,12,DeMarcus Ware,Linebacker,Dallas Cowboys
2011,13,Chris Johnson,Running back,Tennessee Titans
2011,14,Larry Fitzgerald,Wide receiver,Arizona Cardinals
2011,15,Dwight Freeney,Defensive end,Indianapolis Colts
2011,16,Charles Woodson,Cornerback,Green Bay Packers
2011,17,Haloti Ngata,Defensive tackle,Baltimore Ravens
2011,18,Nnamdi Asomugha,Cornerback,Oakland Raiders
2011,19,Clay Matthews,Linebacker,Green Bay Packers
2011,20,Michael Vick,Quarterback,Philadelphia Eagles
2011,21,James Harrison,Linebacker,Pittsburgh Steelers
2011,22,Antonio Gates,Tight end,San Diego Chargers
2011,23,Patrick Willis,Linebacker,San Francisco 49ers
2011,24,Roddy White,Wide receiver,Atlanta Falcons
2011,25,Arian Foster,Running back,Houston Texans
2011,26,Philip Rivers,Quarterback,San Diego Chargers
2011,27,Calvin Johnson,Wide receiver,Detroit Lions
2011,28,Jake Long,Offensive tackle,Miami Dolphins
2011,29,DeSean Jackson,Wide receiver,Philadelphia Eagles
2011,30,Maurice Jones-Drew,Running back,Jacksonville Jaguars
2011,31,Reggie Wayne,Wide receiver,Indianapolis Colts
2011,32,Devin Hester,Wide receiver,Chicago Bears
2011,33,Jamaal Charles,Running back,Kansas City Chiefs
2011,34,Jahri Evans,Guard,New Orleans Saints
2011,35,Vince Wilfork,Defensive tackle,New England Patriots
2011,36,Jason Witten,Tight end,Dallas Cowboys
2011,37,Jonathan Vilma,Linebacker,New Orleans Saints
2011,38,Steven Jackson,Running back,St. Louis Rams
2011,39,Logan Mankins,Guard,New England Patriots
2011,40,Terrell Suggs,Linebacker,Baltimore Ravens
2011,41,Ben Roethlisberger,Quarterback,Pittsburgh Steelers
2011,42,Michael Turner,Running back,Atlanta Falcons
2011,43,Joe Thomas,Offensive tackle,Cleveland Browns
2011,44,Robert Mathis,Defensive end,Indianapolis Colts
2011,45,Dwayne Bowe,Wide receiver,Kansas City Chiefs
2011,46,Tony Gonzalez,Tight end,Atlanta Falcons
2011,47,Nick Mangold,Center,New York Jets
2011,48,Champ Bailey,Cornerback,Denver Broncos
2011,49,Brian Urlacher,Linebacker,Chicago Bears
2011,50,Wes Welker,Wide receiver,New England Patriots
2011,51,Ndamukong Suh,Defensive tackle,Detroit Lions
2011,52,Matt Ryan,Quarterback,Atlanta Falcons
2011,53,Marques Colston,Wide receiver,New Orleans Saints
2011,54,Asante Samuel,Cornerback,Philadelphia Eagles
2011,55,Carl Nicks,Guard,New Orleans Saints
2011,56,Ray Rice,Running back,Baltimore Ravens
2011,57,Andre Gurode,Center,Dallas Cowboys
2011,58,Brandon Lloyd,Wide receiver,Denver Broncos
2011,59,Jeff Saturday,Center,Indianapolis Colts
2011,60,Justin Tuck,Defensive end,New York Giants
2011,61,Brandon Marshall,Wide receiver,Miami Dolphins
2011,62,Jerod Mayo,Linebacker,New England Patriots
2011,63,Cameron Wake,Defensive end,Miami Dolphins
2011,64,Tamba Hali,Defensive end,Kansas City Chiefs
2011,65,Vonta Leach,Fullback,Houston Texans
2011,66,Richard Seymour,Defensive tackle,Oakland Raiders
2011,67,Brian Waters,Guard,Kansas City Chiefs
2011,68,Antrel Rolle,Safety,New York Giants
2011,69,John Abraham,Defensive end,Atlanta Falcons
2011,70,Miles Austin,Wide receiver,Dallas Cowboys
2011,71,Mario Williams,Defensive end,Houston Texans
2011,72,Tony Romo,Quarterback,Dallas Cowboys
2011,73,Trent Cole,Defensive end,Philadelphia Eagles
2011,74,Greg Jennings,Wide receiver,Green Bay Packers
2011,75,Jay Ratliff,Defensive tackle,Dallas Cowboys
2011,76,Santonio Holmes,Wide receiver,New York Jets
2011,77,Chris Snee,Guard,New York Giants
2011,78,Dallas Clark,Tight end,Indianapolis Colts
2011,79,D'Brickashaw Ferguson,Offensive tackle,New York Jets
2011,80,Jared Allen,Defensive end,Minnesota Vikings
2011,81,B.J. Raji,Defensive tackle,Green Bay Packers
2011,82,LaMarr Woodley,Linebacker,Pittsburgh Steelers
2011,83,Mike Williams,Wide receiver,Tampa Bay Buccaneers
2011,84,Josh Cribbs,Wide receiver,Cleveland Browns
2011,85,Jason Babin,Defensive end,Tennessee Titans
2011,86,Josh Freeman,Quarterback,Tampa Bay Buccaneers
2011,87,Jordan Gross,Offensive tackle,Carolina Panthers
2011,88,Vernon Davis,Tight end,San Francisco 49ers
2011,89,Adrian Wilson,Safety,Arizona Cardinals
2011,90,Joe Flacco,Quarterback,Baltimore Ravens
2011,91,Terrell Owens,Wide receiver,Cincinnati Bengals
2011,92,Lance Briggs,Linebacker,Chicago Bears
2011,93,Eric Berry,Safety,Kansas City Chiefs
2011,94,Frank Gore,Running back,San Francisco 49ers
2011,95,Jon Beason,Linebacker,Carolina Panthers
2011,96,Nick Collins,Safety,Green Bay Packers
2011,97,Shaun Phillips,Linebacker,San Diego Chargers
2011,98,Darren McFadden,Running back,Oakland Raiders
2011,99,Chad Clifton,Offensive tackle,Green Bay Packers
2011,100,Donovan McNabb,Quarterback,Washington Redskins
2012,1,Aaron Rodgers,Quarterback,Green Bay Packers
2012,2,Drew Brees,Quarterback,New Orleans Saints
2012,3,Calvin Johnson,Wide receiver,Detroit Lions
2012,4,Tom Brady,Quarterback,New England Patriots
2012,5,Darrelle Revis,Cornerback,New York Jets
2012,6,DeMarcus Ware,Linebacker,Dallas Cowboys
2012,7,Larry Fitzgerald,Wide receiver,Arizona Cardinals
2012,8,Adrian Peterson,Running back,Minnesota Vikings
2012,9,Haloti Ngata,Defensive tackle,Baltimore Ravens
2012,10,Patrick Willis,Linebacker,San Francisco 49ers
2012,11,Terrell Suggs,Linebacker,Baltimore Ravens
2012,12,Maurice Jones-Drew,Running back,Jacksonville Jaguars
2012,13,Jared Allen,Defensive end,Minnesota Vikings
2012,14,Jimmy Graham,Tight end,New Orleans Saints
2012,15,Andre Johnson,Wide receiver,Houston Texans
2012,16,Ed Reed,Safety,Baltimore Ravens
2012,17,Justin Smith,Defensive end,San Francisco 49ers
2012,18,LeSean McCoy,Running back,Philadelphia Eagles
2012,19,Troy Polamalu,Safety,Pittsburgh Steelers
2012,20,Ray Lewis,Linebacker,Baltimore Ravens
2012,21,Rob Gronkowski,Tight end,New England Patriots
2012,22,Ray Rice,Running back,Baltimore Ravens
2012,23,Wes Welker,Wide receiver,New England Patriots
2012,24,Jason Pierre-Paul,Defensive end,New York Giants
2012,25,Arian Foster,Running back,Houston Texans
2012,26,Julius Peppers,Defensive end,Chicago Bears
2012,27,Clay Matthews,Linebacker,Green Bay Packers
2012,28,Frank Gore,Running back,San Francisco 49ers
2012,29,James Harrison,Linebacker,Pittsburgh Steelers
2012,30,Ben Roethlisberger,Quarterback,Pittsburgh Steelers
2012,31,Eli Manning,Quarterback,New York Giants
2012,32,Jahri Evans,Guard,New Orleans Saints
2012,33,Matt Forte,Running back,Chicago Bears
2012,34,Tamba Hali,Defensive end,Kansas City Chiefs
2012,35,Steve Smith,Wide receiver,Carolina Panthers
2012,36,Charles Woodson,Cornerback,Green Bay Packers
2012,37,Steven Jackson,Running back,St. Louis Rams
2012,38,Ndamukong Suh,Defensive tackle,Detroit Lions
2012,39,Victor Cruz,Wide receiver,New York Giants
2012,40,Cam Newton,Quarterback,Carolina Panthers
2012,41,Matthew Stafford,Quarterback,Detroit Lions
2012,42,Jason Peters,Offensive tackle,Philadelphia Eagles
2012,43,Vernon Davis,Tight end,San Francisco 49ers
2012,44,Jason Babin,Defensive end,Philadelphia Eagles
2012,45,Vonta Leach,Fullback,Baltimore Ravens
2012,46,Champ Bailey,Cornerback,Denver Broncos
2012,47,Mike Wallace,Wide receiver,Pittsburgh Steelers
2012,48,Devin Hester,Wide receiver,Chicago Bears
2012,49,Maurkice Pouncey,Center,Pittsburgh Steelers
2012,50,Peyton Manning,Quarterback,Indianapolis Colts
2012,51,Brian Urlacher,Linebacker,Chicago Bears
2012,52,Von Miller,Linebacker,Denver Broncos
2012,53,Tony Gonzalez,Tight end,Atlanta Falcons
2012,54,Brian Cushing,Linebacker,Houston Texans
2012,55,Patrick Peterson,Cornerback,Arizona Cardinals
2012,56,Greg Jennings,Wide receiver,Green Bay Packers
2012,57,Trent Cole,Defensive end,Philadelphia Eagles
2012,58,Jonathan Vilma,Linebacker,New Orleans Saints
2012,59,Jake Long,Offensive tackle,Miami Dolphins
2012,60,Darren McFadden,Running back,Oakland Raiders
2012,61,Philip Rivers,Quarterback,San Diego Chargers
2012,62,Justin Tuck,Defensive end,New York Giants
2012,63,LaMarr Woodley,Linebacker,Pittsburgh Steelers
2012,64,Logan Mankins,Guard,New England Patriots
2012,65,Roddy White,Wide receiver,Atlanta Falcons
2012,66,Earl Thomas,Safety,Seattle Seahawks
2012,67,Joe Staley,Offensive tackle,San Francisco 49ers
2012,68,Elvis Dumervil,Defensive end,Denver Broncos
2012,69,Carlos Rogers,Cornerback,San Francisco 49ers
2012,70,Michael Vick,Quarterback,Philadelphia Eagles
2012,71,DeSean Jackson,Wide receiver,Philadelphia Eagles
2012,72,Lance Briggs,Linebacker,Chicago Bears
2012,73,Johnathan Joseph,Cornerback,Houston Texans
2012,74,Joe Flacco,Quarterback,Baltimore Ravens
2012,75,Jason Witten,Tight end,Dallas Cowboys
2012,76,Carl Nicks,Guard,New Orleans Saints
2012,77,A.J. Green,Wide receiver,Cincinnati Bengals
2012,78,Derrick Johnson,Linebacker,Kansas City Chiefs
2012,79,Nnamdi Asomugha,Cornerback,Philadelphia Eagles
2012,80,Jordy Nelson,Wide receiver,Green Bay Packers
2012,81,Vince Wilfork,Defensive tackle,New England Patriots
2012,82,Joe Thomas,Offensive tackle,Cleveland Browns
2012,83,Fred Jackson,Running back,Buffalo Bills
2012,84,Chris Long,Defensive end,St. Louis Rams
2012,85,NaVorro Bowman,Linebacker,San Francisco 49ers
2012,86,Darren Sproles,Running back,New Orleans Saints
2012,87,London Fletcher,Linebacker,Washington Redskins
2012,88,Michael Turner,Running back,Atlanta Falcons
2012,89,Dwight Freeney,Defensive end,Indianapolis Colts
2012,90,Hakeem Nicks,Wide receiver,New York Giants
2012,91,Tony Romo,Quarterback,Dallas Cowboys
2012,92,John Kuhn,Fullback,Green Bay Packers
2012,93,Cortland Finnegan,Cornerback,Tennessee Titans
2012,94,Marshawn Lynch,Running back,Seattle Seahawks
2012,95,Tim Tebow,Quarterback,Denver Broncos
2012,96,D'Qwell Jackson,Linebacker,Cleveland Browns
2012,97,Donald Penn,Offensive tackle,Tampa Bay Buccaneers
2012,98,Willis McGahee,Running back,Denver Broncos
2012,99,Ryan Kalil,Center,Carolina Panthers
2012,100,Chris Johnson,Running back,Tennessee Titans
2013,1,Adrian Peterson,Running back,Minnesota Vikings
2013,2,Peyton Manning,Quarterback,Denver Broncos
2013,3,Calvin Johnson,Wide receiver,Detroit Lions
2013,4,Tom Brady,Quarterback,New England Patriots
2013,5,J.J. Watt,Defensive end,Houston Texans
2013,6,Aaron Rodgers,Quarterback,Green Bay Packers
2013,7,Aldon Smith,Linebacker,San Francisco 49ers
2013,8,Arian Foster,Running back,Houston Texans
2013,9,Von Miller,Linebacker,Denver Broncos
2013,10,Patrick Willis,Linebacker,San Francisco 49ers
2013,11,Drew Brees,Quarterback,New Orleans Saints
2013,12,DeMarcus Ware,Linebacker,Dallas Cowboys
2013,13,Ray Rice,Running back,Baltimore Ravens
2013,14,Andre Johnson,Wide receiver,Houston Texans
2013,15,Robert Griffin III,Quarterback,Washington Redskins
2013,16,A.J. Green,Wide receiver,Cincinnati Bengals
2013,17,Matt Ryan,Quarterback,Atlanta Falcons
2013,18,Ed Reed,Safety,Baltimore Ravens
2013,19,Joe Flacco,Quarterback,Baltimore Ravens
2013,20,Jamaal Charles,Running back,Kansas City Chiefs
2013,21,Reggie Wayne,Wide receiver,Indianapolis Colts
2013,22,Larry Fitzgerald,Wide receiver,Arizona Cardinals
2013,23,Andrew Luck,Quarterback,Indianapolis Colts
2013,24,Marshawn Lynch,Running back,Seattle Seahawks
2013,25,Rob Gronkowski,Tight end,New England Patriots
2013,26,Julio Jones,Wide receiver,Atlanta Falcons
2013,27,Brandon Marshall,Wide receiver,Chicago Bears
2013,28,Joe Thomas,Offensive tackle,Cleveland Browns
2013,29,Justin Smith,Defensive end,San Francisco 49ers
2013,30,Vince Wilfork,Defensive tackle,New England Patriots
2013,31,Clay Matthews,Linebacker,Green Bay Packers
2013,32,Frank Gore,Running back,San Francisco 49ers
2013,33,Patrick Peterson,Cornerback,Arizona Cardinals
2013,34,Charles Tillman,Cornerback,Chicago Bears
2013,35,Dez Bryant,Wide receiver,Dallas Cowboys
2013,36,Geno Atkins,Defensive tackle,Cincinnati Bengals
2013,37,NaVorro Bowman,Linebacker,San Francisco 49ers
2013,38,Vernon Davis,Tight end,San Francisco 49ers
2013,39,Roddy White,Wide receiver,Atlanta Falcons
2013,40,Ndamukong Suh,Defensive tackle,Detroit Lions
2013,41,Jason Witten,Tight end,Dallas Cowboys
2013,42,Haloti Ngata,Defensive tackle,Baltimore Ravens
2013,43,Eli Manning,Quarterback,New York Giants
2013,44,Wes Welker,Wide receiver,New England Patriots
2013,45,LeSean McCoy,Running back,Philadelphia Eagles
2013,46,Cam Newton,Quarterback,Carolina Panthers
2013,47,Tony Gonzalez,Tight end,Atlanta Falcons
2013,48,Duane Brown,Offensive tackle,Houston Texans
2013,49,Justin Houston,Linebacker,Kansas City Chiefs
2013,50,Richard Sherman,Cornerback,Seattle Seahawks
2013,51,Russell Wilson,Quarterback,Seattle Seahawks
2013,52,Vincent Jackson,Wide receiver,Tampa Bay Buccaneers
2013,53,Champ Bailey,Cornerback,Denver Broncos
2013,54,Julius Peppers,Defensive end,Chicago Bears
2013,55,Jason Pierre-Paul,Defensive end,New York Giants
2013,56,Terrell Suggs,Linebacker,Baltimore Ravens
2013,57,Doug Martin,Running back,Tampa Bay Buccaneers
2013,58,Victor Cruz,Wide receiver,New York Giants
2013,59,Derrick Johnson,Linebacker,Kansas City Chiefs
2013,60,Jared Allen,Defensive end,Minnesota Vikings
2013,61,Ben Roethlisberger,Quarterback,Pittsburgh Steelers
2013,62,Chris Johnson,Running back,Tennessee Titans
2013,63,Stephen Tulloch,Linebacker,Detroit Lions
2013,64,Alfred Morris,Running back,Washington Redskins
2013,65,Dwayne Bowe,Wide receiver,Kansas City Chiefs
2013,66,Earl Thomas,Safety,Seattle Seahawks
2013,67,Darrelle Revis,Cornerback,New York Jets
2013,68,Demaryius Thomas,Wide receiver,Denver Broncos
2013,69,Tim Jennings,Cornerback,Chicago Bears
2013,70,Chad Greenway,Linebacker,Minnesota Vikings
2013,71,Trent Richardson,Running back,Cleveland Browns
2013,72,Mario Williams,Defensive end,Buffalo Bills
2013,73,Antonio Gates,Tight end,San Diego Chargers
2013,74,Robert Mathis,Defensive end,Indianapolis Colts
2013,75,Brandon Flowers,Cornerback,Kansas City Chiefs
2013,76,Matthew Stafford,Quarterback,Detroit Lions
2013,77,Aaron Hernandez,Tight end,New England Patriots
2013,78,Joe Staley,Offensive tackle,San Francisco 49ers
2013,79,Luke Kuechly,Linebacker,Carolina Panthers
2013,80,Dwight Freeney,Defensive end,Indianapolis Colts
2013,81,Colin Kaepernick,Quarterback,San Francisco 49ers
2013,82,Logan Mankins,Guard,New England Patriots
2013,83,Lance Briggs,Linebacker,Chicago Bears
2013,84,Steve Smith,Wide receiver,Carolina Panthers
2013,85,Charles Woodson,Cornerback,Green Bay Packers
2013,86,London Fletcher,Linebacker,Washington Redskins
2013,87,Bernard Pollard,Safety,Baltimore Ravens
2013,88,Jacoby Jones,Wide receiver,Baltimore Ravens
2013,89,Cameron Wake,Linebacker,Miami Dolphins
2013,90,Percy Harvin,Wide receiver,Minnesota Vikings
2013,91,Troy Polamalu,Safety,Pittsburgh Steelers
2013,92,Gerald McCoy,Defensive tackle,Tampa Bay Buccaneers
2013,93,Anquan Boldin,Wide receiver,Baltimore Ravens
2013,94,Daryl Washington,Linebacker,Arizona Cardinals
2013,95,Max Unger,Center,Seattle Seahawks
2013,96,Dashon Goldson,Safety,San Francisco 49ers
2013,97,Heath Miller,Tight end,Pittsburgh Steelers
2013,98,Maurice Jones-Drew,Running back,Jacksonville Jaguars
2013,99,Trent Williams,Offensive tackle,Washington Redskins
2013,100,Dennis Pitta,Tight end,Baltimore Ravens
2014,1,Peyton Manning,Quarterback,Denver Broncos
2014,2,Calvin Johnson,Wide receiver,Detroit Lions
2014,3,Tom Brady,Quarterback,New England Patriots
2014,4,Adrian Peterson,Running back,Minnesota Vikings
2014,5,LeSean McCoy,Running back,Philadelphia Eagles
2014,6,Drew Brees,Quarterback,New Orleans Saints
2014,7,Richard Sherman,Cornerback,Seattle Seahawks
2014,8,Jamaal Charles,Running back,Kansas City Chiefs
2014,9,A.J. Green,Wide receiver,Cincinnati Bengals
2014,10,Jimmy Graham,Tight end,New Orleans Saints
2014,11,Aaron Rodgers,Quarterback,Green Bay Packers
2014,12,J.J. Watt,Defensive end,Houston Texans
2014,13,Robert Quinn,Defensive end,St. Louis Rams
2014,14,Marshawn Lynch,Running back,Seattle Seahawks
2014,15,Luke Kuechly,Linebacker,Carolina Panthers
2014,16,Josh Gordon,Wide receiver,Cleveland Browns
2014,17,Earl Thomas,Safety,Seattle Seahawks
2014,18,Joe Thomas,Offensive tackle,Cleveland Browns
2014,19,Robert Mathis,Linebacker,Indianapolis Colts
2014,20,Russell Wilson,Quarterback,Seattle Seahawks
2014,21,Andre Johnson,Wide receiver,Houston Texans
2014,22,Patrick Peterson,Cornerback,Arizona Cardinals
2014,23,Antonio Brown,Wide receiver,Pittsburgh Steelers
2014,24,Cam Newton,Quarterback,Carolina Panthers
2014,25,Dez Bryant,Wide receiver,Dallas Cowboys
2014,26,Terrell Suggs,Linebacker,Baltimore Ravens
2014,27,Patrick Willis,Linebacker,San Francisco 49ers
2014,28,Gerald McCoy,Defensive tackle,Tampa Bay Buccaneers
2014,29,Mario Williams,Defensive end,Buffalo Bills
2014,30,Andrew Luck,Quarterback,Indianapolis Colts
2014,31,Ben Roethlisberger,Quarterback,Pittsburgh Steelers
2014,32,Kyle Williams,Defensive tackle,Buffalo Bills
2014,33,Aldon Smith,Linebacker,San Francisco 49ers
2014,34,Philip Rivers,Quarterback,San Diego Chargers
2014,35,Lavonte David,Linebacker,Tampa Bay Buccaneers
2014,36,Brandon Marshall,Wide receiver,Chicago Bears
2014,37,Darrelle Revis,Cornerback,Tampa Bay Buccaneers
2014,38,Larry Fitzgerald,Wide receiver,Arizona Cardinals
2014,39,Joe Haden,Cornerback,Cleveland Browns
2014,40,Ndamukong Suh,Defensive tackle,Detroit Lions
2014,41,Rob Gronkowski,Tight end,New England Patriots
2014,42,Muhammad Wilkerson,Defensive end,New York Jets
2014,43,Tamba Hali,Linebacker,Kansas City Chiefs
2014,44,Vincent Jackson,Wide receiver,Tampa Bay Buccaneers
2014,45,Haloti Ngata,Defensive tackle,Baltimore Ravens
2014,46,Frank Gore,Running back,San Francisco 49ers
2014,47,NaVorro Bowman,Linebacker,San Francisco 49ers
2014,48,Geno Atkins,Defensive tackle,Cincinnati Bengals
2014,49,Demaryius Thomas,Wide receiver,Denver Broncos
2014,50,Eric Berry,Safety,Kansas City Chiefs
2014,51,Vernon Davis,Tight end,San Francisco 49ers
2014,52,Vontaze Burfict,Linebacker,Cincinnati Bengals
2014,53,Greg Hardy,Defensive end,Carolina Panthers
2014,54,Alshon Jeffery,Wide receiver,Chicago Bears
2014,55,Marshal Yanda,Guard,Baltimore Ravens
2014,56,DeMarcus Ware,Linebacker,Dallas Cowboys
2014,57,Justin Houston,Linebacker,Kansas City Chiefs
2014,58,Joe Flacco,Quarterback,Baltimore Ravens
2014,59,DeAndre Levy,Linebacker,Detroit Lions
2014,60,Trent Williams,Offensive tackle,Washington Redskins
2014,61,Troy Polamalu,Safety,Pittsburgh Steelers
2014,62,Marcell Dareus,Defensive tackle,Buffalo Bills
2014,63,DeSean Jackson,Wide receiver,Philadelphia Eagles
2014,64,Derrick Johnson,Linebacker,Kansas City Chiefs
2014,65,Kam Chancellor,Safety,Seattle Seahawks
2014,66,Cameron Wake,Defensive end,Miami Dolphins
2014,67,Jason Peters,Offensive tackle,Philadelphia Eagles
2014,68,Jared Allen,Defensive end,Minnesota Vikings
2014,69,Justin Smith,Defensive end,San Francisco 49ers
2014,70,Nick Foles,Quarterback,Philadelphia Eagles
2014,71,Tony Romo,Quarterback,Dallas Cowboys
2014,72,Antrel Rolle,Safety,New York Giants
2014,73,Wes Welker,Wide receiver,Denver Broncos
2014,74,Tim Jennings,Cornerback,Chicago Bears
2014,75,Joe Staley,Offensive tackle,San Francisco 49ers
2014,76,Von Miller,Linebacker,Denver Broncos
2014,77,Clay Matthews,Linebacker,Green Bay Packers
2014,78,Tyron Smith,Offensive tackle,Dallas Cowboys
2014,79,Aqib Talib,Cornerback,New England Patriots
2014,80,Pierre Garcon,Wide receiver,Washington Redskins
2014,81,Colin Kaepernick,Quarterback,San Francisco 49ers
2014,82,T.J. Ward,Safety,Cleveland Browns
2014,83,Jordy Nelson,Wide receiver,Green Bay Packers
2014,84,Kiko Alonso,Linebacker,Buffalo Bills
2014,85,Reggie Bush,Running back,Detroit Lions
2014,86,Duane Brown,Offensive tackle,Houston Texans
2014,87,DeMarco Murray,Running back,Dallas Cowboys
2014,88,Evan Mathis,Guard,Philadelphia Eagles
2014,89,Charles Clay,Tight end,Miami Dolphins
2014,90,Eddie Lacy,Running back,Green Bay Packers
2014,91,Matt Forte,Running back,Chicago Bears
2014,92,Eric Weddle,Safety,San Diego Chargers
2014,93,Ryan Kalil,Center,Carolina Panthers
2014,94,Sheldon Richardson,Defensive tackle,New York Jets
2014,95,Brent Grimes,Cornerback,Miami Dolphins
2014,96,Daryl Washington,Linebacker,Arizona Cardinals
2014,97,Louis Vasquez,Guard,Denver Broncos
2014,98,Jason Witten,Tight end,Dallas Cowboys
2014,99,Cameron Jordan,Defensive end,New Orleans Saints
2014,100,Matthew Stafford,Quarterback,Detroit Lions
2015,1,J.J. Watt,Defensive end,Houston Texans
2015,2,Aaron Rodgers,Quarterback,Green Bay Packers
2015,3,Tom Brady,Quarterback,New England Patriots
2015,4,DeMarco Murray,Running back,Dallas Cowboys
2015,5,Peyton Manning,Quarterback,Denver Broncos
2015,6,Calvin Johnson,Wide receiver,Detroit Lions
2015,7,Andrew Luck,Quarterback,Indianapolis Colts
2015,8,Antonio Brown,Wide receiver,Pittsburgh Steelers
2015,9,Marshawn Lynch,Running back,Seattle Seahawks
2015,10,Rob Gronkowski,Tight end,New England Patriots
2015,11,Richard Sherman,Cornerback,Seattle Seahawks
2015,12,Jamaal Charles,Running back,Kansas City Chiefs
2015,13,Julio Jones,Wide receiver,Atlanta Falcons
2015,14,Luke Kuechly,Linebacker,Carolina Panthers
2015,15,Dez Bryant,Wide receiver,Dallas Cowboys
2015,16,Le'Veon Bell,Running back,Pittsburgh Steelers
2015,17,Darrelle Revis,Cornerback,New England Patriots
2015,18,Jordy Nelson,Wide receiver,Green Bay Packers
2015,19,Patrick Peterson,Cornerback,Arizona Cardinals
2015,20,Demaryius Thomas,Wide receiver,Denver Broncos
2015,21,Earl Thomas,Safety,Seattle Seahawks
2015,22,Russell Wilson,Quarterback,Seattle Seahawks
2015,23,Joe Haden,Cornerback,Cleveland Browns
2015,24,Ndamukong Suh,Defensive tackle,Detroit Lions
2015,25,Joe Thomas,Offensive tackle,Cleveland Browns
2015,26,Ben Roethlisberger,Quarterback,Pittsburgh Steelers
2015,27,Justin Houston,Linebacker,Kansas City Chiefs
2015,28,Gerald McCoy,Defensive tackle,Tampa Bay Buccaneers
2015,29,LeSean McCoy,Running back,Philadelphia Eagles
2015,30,Drew Brees,Quarterback,New Orleans Saints
2015,31,Jimmy Graham,Tight end,New Orleans Saints
2015,32,Odell Beckham Jr.,Wide receiver,New York Giants
2015,33,Von Miller,Linebacker,Denver Broncos
2015,34,Tony Romo,Quarterback,Dallas Cowboys
2015,35,T.Y. Hilton,Wide receiver,Indianapolis Colts
2015,36,Tyron Smith,Offensive tackle,Dallas Cowboys
2015,37,A.J. Green,Wide receiver,Cincinnati Bengals
2015,38,Brent Grimes,Cornerback,Miami Dolphins
2015,39,Cameron Wake,Defensive end,Miami Dolphins
2015,40,Jason Peters,Offensive tackle,Philadelphia Eagles
2015,41,Kam Chancellor,Safety,Seattle Seahawks
2015,42,Mario Williams,Defensive end,Buffalo Bills
2015,43,Philip Rivers,Quarterback,San Diego Chargers
2015,44,Robert Quinn,Defensive end,St. Louis Rams
2015,45,Julius Thomas,Tight end,Denver Broncos
2015,46,Elvis Dumervil,Linebacker,Baltimore Ravens
2015,47,Trent Williams,Offensive tackle,Washington Redskins
2015,48,Matt Forte,Running back,Chicago Bears
2015,49,Khalil Mack,Linebacker,Oakland Raiders
2015,50,DeSean Jackson,Wide receiver,Washington Redskins
2015,51,Clay Matthews,Linebacker,Green Bay Packers
2015,52,Antonio Gates,Tight end,San Diego Chargers
2015,53,Marcell Dareus,Defensive tackle,Buffalo Bills
2015,54,"Steve Smith, Sr.",Wide receiver,Baltimore Ravens
2015,55,Sheldon Richardson,Defensive end,New York Jets
2015,56,Lavonte David,Linebacker,Tampa Bay Buccaneers
2015,57,Brandon Marshall,Wide receiver,Chicago Bears
2015,58,Connor Barwin,Linebacker,Philadelphia Eagles
2015,59,Vontae Davis,Cornerback,Indianapolis Colts
2015,60,Eddie Lacy,Running back,Green Bay Packers
2015,61,Jeremy Maclin,Wide receiver,Philadelphia Eagles
2015,62,Adrian Peterson,Running back,Minnesota Vikings
2015,63,Jerry Hughes,Defensive end,Buffalo Bills
2015,64,Charles Woodson,Safety,Oakland Raiders
2015,65,Justin Forsett,Running back,Baltimore Ravens
2015,66,DeAndre Levy,Linebacker,Detroit Lions
2015,67,Tashaun Gipson,Safety,Cleveland Browns
2015,68,Larry Fitzgerald,Wide receiver,Arizona Cardinals
2015,69,Bobby Wagner,Linebacker,Seattle Seahawks
2015,70,Tamba Hali,Linebacker,Kansas City Chiefs
2015,71,Julius Peppers,Linebacker,Green Bay Packers
2015,72,Kyle Williams,Defensive tackle,Buffalo Bills
2015,73,Cam Newton,Quarterback,Carolina Panthers
2015,74,Muhammad Wilkerson,Defensive end,New York Jets
2015,75,Mike Evans,Wide receiver,Tampa Bay Buccaneers
2015,76,Sen'Derrick Marks,Defensive tackle,Jacksonville Jaguars
2015,77,Matt Ryan,Quarterback,Atlanta Falcons
2015,78,Ryan Kerrigan,Linebacker,Washington Redskins
2015,79,Marshal Yanda,Guard,Baltimore Ravens
2015,80,Arian Foster,Running back,Houston Texans
2015,81,Darren Sproles,Running back,Philadelphia Eagles
2015,82,Haloti Ngata,Defensive tackle,Baltimore Ravens
2015,83,Maurkice Pouncey,Center,Pittsburgh Steelers
2015,84,Terrell Suggs,Linebacker,Baltimore Ravens
2015,85,Golden Tate,Wide receiver,Detroit Lions
2015,86,Eric Weddle,Safety,San Diego Chargers
2015,87,DeMarcus Ware,Linebacker,Denver Broncos
2015,88,Glover Quin,Safety,Detroit Lions
2015,89,Greg Olsen,Tight end,Carolina Panthers
2015,90,Michael Bennett,Defensive end,Seattle Seahawks
2015,91,Julian Edelman,Wide receiver,New England Patriots
2015,92,Aaron Donald,Defensive tackle,St. Louis Rams
2015,93,Jason Witten,Tight end,Dallas Cowboys
2015,94,C.J. Mosley,Linebacker,Baltimore Ravens
2015,95,Emmanuel Sanders,Wide receiver,Denver Broncos
2015,96,Jurrell Casey,Defensive end,Tennessee Titans
2015,97,Joe Flacco,Quarterback,Baltimore Ravens
2015,98,Adam Vinatieri,Kicker,Indianapolis Colts
2015,99,Calais Campbell,Defensive end,Arizona Cardinals
2015,100,Randall Cobb,Wide receiver,Green Bay Packers
